best_feature,R2
A3,0.177487
A18,0.306279
A4,0.371554
