best_feature,R2
A18,0.170334
A3,0.288018
A5,0.36101
