best_feature,R2
A18,0.176942
A13,0.310862
A17,0.365472
