best_feature,R2
A18,0.169003
A13,0.296006
A15,0.342865
